High,Volume,Low,Date,Close,Market Cap,Open,Name
870.71,"2,081,170,000",828.84,2/13/2018,845.26,"84,824,200,000",869.29,Ethereum
875.94,"2,243,450,000",817.51,2/12/2018,868.71,"79,754,400,000",817.51,Ethereum
859.29,"2,486,650,000",788.22,2/11/2018,814.66,"83,813,000,000",859.29,Ethereum
917.4,"2,930,530,000",825.58,2/10/2018,860.41,"86,055,600,000",882.47,Ethereum
884,"2,495,820,000",788.83,2/9/2018,883.87,"79,799,300,000",818.48,Ethereum
845.09,"3,708,190,000",755.84,2/8/2018,817.81,"73,676,900,000",755.84,Ethereum
851.2,"3,896,180,000",723.43,2/7/2018,757.07,"77,032,000,000",790.43,Ethereum
796.44,"6,518,270,000",574.42,2/6/2018,793.12,"68,958,700,000",707.74,Ethereum
856.65,"4,269,530,000",644.6,2/5/2018,697.95,"81,337,400,000",834.96,Ethereum
969.03,"2,997,090,000",805.06,2/4/2018,834.68,"93,953,400,000",964.67,Ethereum
991.94,"3,243,480,000",847.69,2/3/2018,964.02,"89,507,600,000",919.21,Ethereum
1035.77,"6,713,290,000",757.98,2/2/2018,915.78,"100,836,000,000",1035.77,Ethereum
1161.35,"5,261,680,000",984.82,2/1/2018,1036.79,"108,952,000,000",1119.37,Ethereum
1128.66,"3,757,560,000",1034.5,1/31/2018,1118.31,"104,231,000,000",1071.09,Ethereum
1184.63,"4,107,860,000",1058.97,1/30/2018,1071.13,"115,207,000,000",1184.13,Ethereum
1256.7,"3,715,080,000",1169.08,1/29/2018,1182.36,"121,269,000,000",1246.7,Ethereum
1257.77,"5,372,330,000",1111.78,1/28/2018,1246.01,"108,122,000,000",1111.78,Ethereum
1121.98,"3,002,870,000",1042.12,1/27/2018,1107.07,"102,651,000,000",1055.75,Ethereum
1080.6,"3,617,690,000",996.78,1/26/2018,1055.17,"102,334,000,000",1052.7,Ethereum
1104.66,"4,050,190,000",1034.74,1/25/2018,1056.03,"103,335,000,000",1063.22,Ethereum
1062.44,"3,944,040,000",965.81,1/24/2018,1058.78,"95,952,700,000",987.48,Ethereum
1023.23,"3,556,700,000",920.54,1/23/2018,986.23,"97,554,300,000",1004.17,Ethereum
1089.1,"3,810,100,000",930.74,1/22/2018,1003.26,"102,504,000,000",1055.35,Ethereum
1155.68,"3,378,090,000",1021.5,1/21/2018,1049.58,"112,226,000,000",1155.68,Ethereum
1167.11,"3,975,190,000",1044.95,1/20/2018,1155.15,"101,451,000,000",1044.95,Ethereum
1093.22,"4,084,450,000",1003.71,1/19/2018,1039.1,"99,863,900,000",1028.82,Ethereum
1100.31,"5,938,320,000",967.76,1/18/2018,1036.28,"98,642,100,000",1016.44,Ethereum
1090.23,"8,545,160,000",780.92,1/17/2018,1014.25,"102,974,000,000",1061.34,Ethereum
1292.63,"8,405,140,000",875.54,1/16/2018,1053.69,"125,389,000,000",1292.63,Ethereum
1390.59,"4,781,100,000",1290.6,1/15/2018,1291.92,"132,404,000,000",1365.21,Ethereum
1400.56,"4,841,630,000",1286.21,1/14/2018,1366.77,"135,503,000,000",1397.48,Ethereum
1432.88,"5,746,760,000",1270.47,1/13/2018,1396.42,"123,163,000,000",1270.47,Ethereum
1296.04,"5,222,300,000",1120.09,1/12/2018,1273.2,"112,263,000,000",1158.29,Ethereum
1337.3,"7,235,900,000",1135.17,1/11/2018,1154.93,"122,879,000,000",1268.09,Ethereum
1417.38,"9,214,950,000",1226.6,1/10/2018,1255.82,"125,976,000,000",1300.34,Ethereum
1320.98,"7,965,460,000",1145.49,1/9/2018,1299.74,"110,999,000,000",1146,Ethereum
1266.93,"8,450,970,000",1016.05,1/8/2018,1148.53,"112,164,000,000",1158.26,Ethereum
1153.17,"5,569,880,000",1043.01,1/7/2018,1153.17,"100,981,000,000",1043.01,Ethereum
1060.71,"4,662,220,000",994.62,1/6/2018,1041.68,"96,326,500,000",995.15,Ethereum
1075.39,"6,683,150,000",956.33,1/5/2018,997.72,"94,423,900,000",975.75,Ethereum
1045.08,"6,502,860,000",946.09,1/4/2018,980.92,"93,049,400,000",961.71,Ethereum
974.47,"5,093,160,000",868.45,1/3/2018,962.72,"85,703,500,000",886,Ethereum
914.83,"5,783,350,000",772.35,1/2/2018,884.44,"74,695,700,000",772.35,Ethereum
782.53,"2,595,760,000",742,1/1/2018,772.64,"73,075,800,000",755.76,Ethereum
760.35,"2,554,270,000",710.12,12/31/2017,756.73,"68,850,800,000",712.21,Ethereum
753.82,"3,187,780,000",685.23,12/30/2017,717.26,"72,856,900,000",753.82,Ethereum
770.12,"2,648,970,000",729.61,12/29/2017,753.59,"71,544,300,000",740.39,Ethereum
763.32,"2,389,150,000",701.19,12/28/2017,737.02,"73,637,100,000",762.21,Ethereum
789.25,"2,100,030,000",738.41,12/27/2017,762.84,"74,854,100,000",774.97,Ethereum
786.79,"2,201,160,000",760.93,12/26/2017,773.84,"73,717,800,000",763.37,Ethereum
782.52,"2,491,760,000",698.87,12/25/2017,765.83,"67,475,100,000",698.87,Ethereum
721.77,"2,300,550,000",614.92,12/24/2017,694.15,"69,671,200,000",721.77,Ethereum
763.89,"2,480,340,000",679.73,12/23/2017,719.39,"65,752,100,000",681.32,Ethereum
827.68,"4,977,710,000",543.76,12/22/2017,674.86,"79,374,400,000",822.64,Ethereum
880.54,"3,569,060,000",792.69,12/21/2017,821.06,"79,125,300,000",820.24,Ethereum
845.06,"3,969,940,000",756,12/20/2017,819.09,"79,810,600,000",827.52,Ethereum
881.94,"4,096,550,000",785.34,12/19/2017,826.82,"76,552,200,000",793.9,Ethereum
803.93,"3,249,230,000",689.23,12/18/2017,794.64,"69,578,400,000",721.73,Ethereum
735.83,"2,147,390,000",696.24,12/17/2017,719.98,"67,106,400,000",696.24,Ethereum
718.38,"2,165,690,000",680.79,12/16/2017,696.21,"66,124,200,000",686.19,Ethereum
697.13,"2,758,710,000",621.06,12/15/2017,684.45,"67,090,900,000",696.38,Ethereum
753.12,"3,821,580,000",664.99,12/14/2017,695.82,"67,482,900,000",700.59,Ethereum
747.99,"4,524,540,000",597.8,12/13/2017,702.77,"62,105,600,000",644.91,Ethereum
657.32,"5,179,830,000",504.49,12/12/2017,651.43,"50,286,400,000",522.29,Ethereum
516.97,"1,771,440,000",439.1,12/11/2017,515.14,"42,389,300,000",440.36,Ethereum
472.79,"1,404,180,000",429.51,12/10/2017,441.72,"45,501,400,000",472.79,Ethereum
504.15,"2,003,850,000",456.25,12/9/2017,473.5,"44,005,600,000",457.34,Ethereum
466.06,"2,336,380,000",422.37,12/8/2017,456.03,"41,845,800,000",434.99,Ethereum
441.4,"2,129,570,000",414.41,12/7/2017,434.41,"41,007,600,000",426.37,Ethereum
462.71,"1,998,260,000",420.21,12/6/2017,428.59,"44,483,100,000",462.6,Ethereum
473.56,"1,216,720,000",457.66,12/5/2017,463.28,"45,212,800,000",470.29,Ethereum
474.78,"1,005,550,000",453.31,12/4/2017,470.2,"44,795,700,000",466.05,Ethereum
482.81,"990,557,000",451.85,12/3/2017,465.85,"44,560,500,000",463.7,Ethereum
476.24,"943,650,000",456.65,12/2/2017,463.45,"44,853,300,000",466.85,Ethereum
472.61,"1,247,880,000",428.31,12/1/2017,466.54,"42,765,000,000",445.21,Ethereum
465.5,"1,903,040,000",401.24,11/30/2017,447.11,"41,411,900,000",431.21,Ethereum
522.31,"2,675,940,000",425.07,11/29/2017,427.52,"45,442,100,000",473.28,Ethereum
482.48,"1,346,500,000",466.35,11/28/2017,472.9,"46,127,200,000",480.52,Ethereum
493.4,"1,396,480,000",468.49,11/27/2017,480.36,"45,255,000,000",471.53,Ethereum
472.72,"1,197,780,000",451.61,11/26/2017,471.33,"44,712,100,000",465.97,Ethereum
485.19,"1,422,080,000",461.05,11/25/2017,466.28,"45,633,400,000",475.68,Ethereum
480.97,"2,292,830,000",402.76,11/24/2017,474.91,"39,564,300,000",412.5,Ethereum
425.55,"1,845,680,000",376.09,11/23/2017,410.17,"36,577,300,000",381.44,Ethereum
381.42,"800,819,000",360.15,11/22/2017,380.65,"34,544,000,000",360.31,Ethereum
372.47,"949,912,000",350.69,11/21/2017,360.4,"35,220,200,000",367.44,Ethereum
372.14,"807,027,000",353.29,11/20/2017,366.73,"33,933,400,000",354.09,Ethereum
371.29,"1,181,530,000",344.74,11/19/2017,354.39,"33,284,900,000",347.4,Ethereum
349.62,"649,639,000",327.69,11/18/2017,347.61,"31,800,700,000",331.98,Ethereum
334.96,"621,733,000",327.52,11/17/2017,332.39,"31,620,300,000",330.17,Ethereum
336.16,"797,254,000",323.61,11/16/2017,330.92,"31,927,300,000",333.44,Ethereum
340.91,"722,666,000",329.81,11/15/2017,333.36,"32,353,200,000",337.96,Ethereum
340.18,"1,069,680,000",316.76,11/14/2017,337.63,"30,317,300,000",316.76,Ethereum
328.42,"1,041,890,000",307.02,11/13/2017,316.72,"29,379,000,000",307.02,Ethereum
319.15,"1,613,480,000",298.51,11/12/2017,307.91,"30,106,200,000",314.69,Ethereum
319.45,"842,301,000",298.19,11/11/2017,314.68,"28,559,400,000",298.59,Ethereum
324.72,"885,986,000",294.54,11/10/2017,299.25,"30,665,200,000",320.67,Ethereum
329.45,"893,250,000",307.06,11/9/2017,320.88,"29,509,000,000",308.64,Ethereum
318.7,"967,956,000",293.1,11/8/2017,309.07,"28,128,700,000",294.27,Ethereum
304.84,"540,766,000",290.77,11/7/2017,294.66,"28,533,300,000",298.57,Ethereum
305.42,"579,359,000",293.72,11/6/2017,298.89,"28,322,700,000",296.43,Ethereum
301.37,"337,658,000",295.12,11/5/2017,296.26,"28,661,500,000",300.04,Ethereum
305.48,"416,479,000",295.8,11/4/2017,300.47,"29,175,300,000",305.48,Ethereum
308.31,"646,340,000",287.69,11/3/2017,305.71,"27,547,400,000",288.5,Ethereum
293.91,"904,901,000",281.17,11/2/2017,287.43,"27,754,200,000",290.73,Ethereum
306.4,"553,864,000",290.58,11/1/2017,291.69,"29,183,600,000",305.76,Ethereum
310.55,"369,583,000",305.88,10/31/2017,305.88,"29,331,500,000",307.38,Ethereum
310.5,"331,442,000",304.35,10/30/2017,307.75,"29,077,600,000",304.78,Ethereum
313.75,"551,752,000",296.38,10/29/2017,305.09,"28,270,200,000",296.38,Ethereum
300.36,"264,424,000",293.58,10/28/2017,296.3,"28,410,400,000",297.92,Ethereum
299.26,"257,169,000",294.06,10/27/2017,297.42,"28,270,100,000",296.51,Ethereum
301.07,"270,273,000",295.22,10/26/2017,296.53,"28,408,400,000",298.02,Ethereum
301.85,"325,040,000",290.72,10/25/2017,297.93,"28,442,000,000",298.44,Ethereum
311.96,"684,281,000",282.66,10/24/2017,298.33,"27,357,500,000",287.12,Ethereum
295.75,"482,336,000",277.57,10/23/2017,286.95,"28,111,400,000",295.1,Ethereum
305.5,"327,387,000",292.81,10/22/2017,295.45,"28,624,800,000",300.55,Ethereum
303.93,"408,014,000",291.77,10/21/2017,300.19,"28,906,600,000",303.57,Ethereum
311.44,"396,673,000",303.49,10/20/2017,304.01,"29,326,300,000",308.05,Ethereum
316.71,"349,830,000",305.83,10/19/2017,308.09,"29,937,900,000",314.54,Ethereum
317.24,"606,114,000",290.64,10/18/2017,314.32,"30,160,500,000",316.94,Ethereum
333.48,"509,924,000",311.79,10/17/2017,317.08,"31,727,700,000",333.48,Ethereum
349.35,"692,885,000",332.04,10/16/2017,333.38,"32,029,200,000",336.71,Ethereum
342.72,"635,407,000",320.43,10/15/2017,336.6,"32,292,100,000",339.53,Ethereum
347.98,"516,562,000",334.7,10/14/2017,339.63,"32,222,400,000",338.85,Ethereum
348.6,"1,304,360,000",299.66,10/13/2017,338.76,"28,911,100,000",304.08,Ethereum
309.15,"527,557,000",303.29,10/12/2017,304.14,"28,851,200,000",303.5,Ethereum
304.39,"264,146,000",299.1,10/11/2017,303.46,"28,626,300,000",301.18,Ethereum
306.15,"359,706,000",293.17,10/10/2017,299.87,"28,281,400,000",297.6,Ethereum
309.31,"559,467,000",288.19,10/9/2017,297.39,"29,328,300,000",308.67,Ethereum
312.54,"293,167,000",308.03,10/8/2017,308.61,"29,550,900,000",311.06,Ethereum
313.13,"342,205,000",304.98,10/7/2017,311.12,"29,340,400,000",308.89,Ethereum
308.84,"318,664,000",294.95,10/6/2017,308.59,"28,031,100,000",295.15,Ethereum
298.04,"253,747,000",288.84,10/5/2017,295.86,"27,800,400,000",292.77,Ethereum
299.39,"257,906,000",290.89,10/4/2017,292.66,"27,794,100,000",292.75,Ethereum
300.11,"321,680,000",288.13,10/3/2017,292.46,"28,238,500,000",297.48,Ethereum
302.92,"339,443,000",294.58,10/2/2017,297.48,"28,708,500,000",302.48,Ethereum
303.19,"306,185,000",295.06,10/1/2017,302.34,"28,615,200,000",301.55,Ethereum
303.96,"332,439,000",291.11,9/30/2017,301.46,"27,655,200,000",291.48,Ethereum
299.92,"541,375,000",279.77,9/29/2017,291.47,"28,375,900,000",299.12,Ethereum
307.2,"501,894,000",295.47,9/28/2017,299.15,"29,068,700,000",306.47,Ethereum
308.01,"550,244,000",286.82,9/27/2017,306.47,"27,219,400,000",287.02,Ethereum
293.75,"345,801,000",287.02,9/26/2017,287.44,"27,720,000,000",292.35,Ethereum
293.51,"483,161,000",281.88,9/25/2017,292.33,"26,755,500,000",282.22,Ethereum
292.95,"571,411,000",278.13,9/24/2017,282.48,"27,129,900,000",286.21,Ethereum
286.17,"450,934,000",261.12,9/23/2017,286.17,"25,077,100,000",264.6,Ethereum
270.54,"430,081,000",256.22,9/22/2017,264.31,"24,458,400,000",258.11,Ethereum
286.61,"601,266,000",255.02,9/21/2017,258.58,"26,836,000,000",283.26,Ethereum
290.89,"421,404,000",278.05,9/20/2017,283.74,"26,712,400,000",282.01,Ethereum
295.77,"646,909,000",274.48,9/19/2017,282.8,"27,809,300,000",293.66,Ethereum
293.5,"1,127,750,000",252.23,9/18/2017,293.5,"23,881,200,000",252.23,Ethereum
257,"427,452,000",235.24,9/17/2017,251.75,"23,272,500,000",245.85,Ethereum
262.59,"711,737,000",238.22,9/16/2017,246.52,"23,742,600,000",250.87,Ethereum
258.65,"1,935,700,000",195.03,9/15/2017,250.46,"20,364,900,000",215.22,Ethereum
280.84,"1,184,590,000",213.91,9/14/2017,213.91,"26,166,100,000",276.59,Ethereum
291.12,"921,692,000",260.61,9/13/2017,277.11,"27,535,700,000",291.12,Ethereum
311.19,"753,144,000",287.23,9/12/2017,291.46,"27,861,800,000",294.63,Ethereum
300.69,"571,307,000",286.69,9/11/2017,294.53,"27,394,400,000",289.75,Ethereum
294.76,"698,326,000",268.97,9/10/2017,288.75,"27,797,200,000",294.06,Ethereum
299.89,"528,621,000",287.22,9/9/2017,294.4,"27,990,500,000",296.17,Ethereum
329.64,"1,098,780,000",285.16,9/8/2017,296.5,"31,147,200,000",329.64,Ethereum
333.52,"718,624,000",319.94,9/7/2017,329.43,"31,507,500,000",333.52,Ethereum
334.66,"1,058,830,000",313.49,9/6/2017,334.34,"29,639,100,000",313.8,Ethereum
318.57,"1,551,050,000",268.29,9/5/2017,312.99,"28,100,000,000",297.57,Ethereum
347.13,"1,801,690,000",279.94,9/4/2017,295.17,"32,774,000,000",347.13,Ethereum
366.49,"986,266,000",332.23,9/3/2017,347.48,"33,059,800,000",350.23,Ethereum
389.35,"1,483,600,000",328.1,9/2/2017,348.98,"36,601,200,000",387.82,Ethereum
390.04,"874,222,000",383.47,9/1/2017,387.74,"36,182,900,000",383.47,Ethereum
386.14,"706,254,000",376.35,8/31/2017,383.04,"35,701,500,000",378.44,Ethereum
388.75,"1,333,320,000",361.97,8/30/2017,378.49,"34,848,400,000",369.47,Ethereum
373.76,"1,220,030,000",347.79,8/29/2017,370.67,"32,813,200,000",347.96,Ethereum
352.05,"854,319,000",338.41,8/28/2017,347.75,"33,002,700,000",350.04,Ethereum
347.89,"633,370,000",334.36,8/27/2017,347.89,"31,517,500,000",334.36,Ethereum
334.99,"514,181,000",327.92,8/26/2017,333.88,"31,288,300,000",331.99,Ethereum
336.4,"760,329,000",325.8,8/25/2017,331.92,"30,727,900,000",326.11,Ethereum
327.96,"697,665,000",317.08,8/24/2017,325.61,"29,904,600,000",317.45,Ethereum
324.21,"811,990,000",314.54,8/23/2017,317.52,"29,691,900,000",315.27,Ethereum
327.36,"1,336,400,000",297.91,8/22/2017,314.79,"30,229,900,000",321.06,Ethereum
347.05,"2,448,970,000",297.23,8/21/2017,321.59,"28,285,500,000",300.48,Ethereum
301.43,"571,947,000",291.58,8/20/2017,301.43,"27,918,100,000",296.64,Ethereum
301.67,"860,202,000",286.18,8/19/2017,297.47,"27,867,900,000",296.18,Ethereum
307.96,"936,160,000",292.5,8/18/2017,295.59,"28,380,200,000",301.7,Ethereum
311.03,"909,494,000",300.25,8/17/2017,301.46,"28,477,500,000",302.81,Ethereum
303.41,"967,643,000",285.38,8/16/2017,302.27,"27,249,700,000",289.82,Ethereum
300.41,"1,051,800,000",279.33,8/15/2017,289.82,"28,195,800,000",299.95,Ethereum
306.81,"864,391,000",296.41,8/14/2017,300.1,"28,008,700,000",298.03,Ethereum
310.82,"1,369,370,000",289.31,8/13/2017,298.06,"29,161,100,000",310.37,Ethereum
317.56,"1,111,650,000",307.9,8/12/2017,310.6,"28,998,700,000",308.71,Ethereum
309.21,"953,576,000",294.5,8/11/2017,308.86,"27,657,000,000",294.5,Ethereum
306.59,"1,076,820,000",289.93,8/10/2017,295.89,"27,882,200,000",296.96,Ethereum
318.72,"2,638,580,000",276.69,8/9/2017,296.03,"27,938,700,000",297.63,Ethereum
298.91,"1,502,410,000",266.8,8/8/2017,296.77,"25,254,600,000",269.1,Ethereum
271.96,"935,727,000",256.69,8/7/2017,269.18,"24,511,000,000",261.24,Ethereum
271.05,"1,482,980,000",252.85,8/6/2017,261.57,"24,053,500,000",256.42,Ethereum
256.51,"1,333,000,000",221.95,8/5/2017,256.51,"20,900,000,000",222.85,Ethereum
227.62,"539,783,000",222.06,8/4/2017,223.07,"21,125,600,000",225.31,Ethereum
228.29,"557,217,000",219.89,8/3/2017,225.34,"20,640,100,000",220.18,Ethereum
229.51,"632,606,000",218.12,8/2/2017,219.95,"21,275,200,000",227.01,Ethereum
227.74,"1,585,330,000",204.69,8/1/2017,226.77,"19,179,100,000",204.69,Ethereum
203.87,"569,414,000",193.41,7/31/2017,203.87,"18,492,000,000",197.41,Ethereum
208.54,"596,234,000",196.15,7/30/2017,197.98,"19,360,900,000",206.74,Ethereum
208.68,"824,355,000",179.65,7/29/2017,205.79,"18,101,800,000",193.34,Ethereum
204.9,"562,571,000",192.3,7/28/2017,193.12,"19,125,100,000",204.32,Ethereum
206.44,"393,283,000",201.26,7/27/2017,204.32,"19,169,800,000",204.86,Ethereum
210.77,"717,692,000",194.78,7/26/2017,203.95,"19,373,400,000",207.09,Ethereum
225.32,"1,095,760,000",195.84,7/25/2017,206.71,"20,985,200,000",224.37,Ethereum
227.54,"431,691,000",222.45,7/24/2017,224.71,"21,158,500,000",226.28,Ethereum
231.68,"649,615,000",217.72,7/23/2017,225.95,"21,418,300,000",229.12,Ethereum
232.7,"618,260,000",216.87,7/22/2017,229.48,"20,360,100,000",217.86,Ethereum
235.12,"1,006,130,000",213.01,7/21/2017,218.31,"21,121,100,000",226.06,Ethereum
233.9,"2,225,000,000",203.22,7/20/2017,227.26,"19,187,800,000",205.42,Ethereum
245.65,"2,328,790,000",191.75,7/19/2017,199.7,"21,939,300,000",234.94,Ethereum
267.99,"2,709,260,000",182.06,7/18/2017,234.39,"18,207,400,000",195.03,Ethereum
194.75,"1,669,500,000",158.04,7/17/2017,193.42,"14,932,700,000",159.99,Ethereum
172.01,"1,516,890,000",133.72,7/16/2017,157.36,"15,823,100,000",169.57,Ethereum
200.16,"810,452,000",170.66,7/15/2017,170.66,"18,630,200,000",199.71,Ethereum
211.1,"749,382,000",187.37,7/14/2017,199.66,"19,541,300,000",209.53,Ethereum
231.81,"828,489,000",200.06,7/13/2017,209.73,"21,613,900,000",231.81,Ethereum
230.77,"1,241,190,000",189.59,7/12/2017,230.77,"18,377,600,000",197.15,Ethereum
220.29,"1,440,950,000",183.39,7/11/2017,197.4,"19,712,300,000",211.53,Ethereum
243.07,"937,219,000",196.97,7/10/2017,215.36,"22,640,500,000",243.01,Ethereum
255.1,"505,118,000",242.14,7/9/2017,242.14,"23,454,700,000",251.82,Ethereum
273.48,"754,958,000",236.55,7/8/2017,251.7,"22,890,700,000",245.89,Ethereum
273.94,"687,252,000",244.17,7/7/2017,245.99,"25,160,800,000",270.35,Ethereum
278.48,"623,080,000",265.51,7/6/2017,270.55,"25,019,500,000",268.86,Ethereum
275.13,"790,256,000",261.45,7/5/2017,268.77,"25,406,900,000",273.1,Ethereum
287.39,"687,691,000",273.11,7/4/2017,273.3,"26,245,000,000",282.19,Ethereum
291.1,"851,408,000",281.18,7/3/2017,282.9,"26,815,900,000",288.41,Ethereum
295.51,"1,123,330,000",262.52,7/2/2017,287.99,"25,572,800,000",275.12,Ethereum
293.75,"1,089,200,000",268.62,7/1/2017,274.6,"27,259,400,000",293.35,Ethereum
315.17,"1,011,800,000",288.44,6/30/2017,294.92,"28,161,900,000",303.15,Ethereum
330.71,"1,508,580,000",297.37,6/29/2017,302.88,"30,495,300,000",328.37,Ethereum
333.1,"2,056,550,000",276.41,6/28/2017,327.93,"27,207,000,000",293.04,Ethereum
293.09,"1,973,870,000",227.14,6/27/2017,293.09,"25,309,700,000",272.69,Ethereum
311.46,"2,081,810,000",238.65,6/26/2017,272.69,"28,111,200,000",302.95,Ethereum
332.79,"1,186,880,000",284.65,6/25/2017,303.25,"30,005,900,000",323.47,Ethereum
343.62,"673,585,000",322.09,6/24/2017,323.7,"31,681,300,000",341.63,Ethereum
348.01,"593,207,000",334.99,6/23/2017,341.74,"31,195,900,000",336.49,Ethereum
342.03,"925,767,000",330.62,6/22/2017,336.37,"31,302,600,000",337.73,Ethereum
361.34,"1,420,130,000",319.48,6/21/2017,336.87,"33,310,500,000",359.54,Ethereum
377.97,"1,020,390,000",350.94,6/20/2017,359,"34,304,000,000",370.33,Ethereum
377.12,"685,172,000",369.76,6/19/2017,370.06,"34,435,700,000",371.86,Ethereum
390.58,"904,703,000",368.84,6/18/2017,371.46,"35,133,800,000",379.52,Ethereum
379.41,"904,653,000",364,6/17/2017,379.41,"34,231,300,000",369.88,Ethereum
373.06,"1,096,280,000",341.42,6/16/2017,370.23,"33,415,800,000",361.18,Ethereum
364.44,"2,463,450,000",300.7,6/15/2017,361.93,"33,158,200,000",358.51,Ethereum
399.32,"1,272,580,000",342.21,6/14/2017,359.05,"36,761,600,000",397.59,Ethereum
411.18,"1,717,380,000",370.06,6/13/2017,397.54,"36,574,500,000",395.69,Ethereum
414.76,"2,882,650,000",341.16,6/12/2017,401.49,"31,525,300,000",341.16,Ethereum
353.01,"1,373,220,000",318.17,6/11/2017,340.61,"31,296,800,000",338.79,Ethereum
350.26,"1,611,630,000",282.01,6/10/2017,337.67,"26,043,700,000",282.01,Ethereum
282.76,"557,986,000",261.75,6/9/2017,281.74,"24,165,000,000",261.75,Ethereum
262.25,"385,494,000",253.97,6/8/2017,261.67,"23,810,900,000",257.99,Ethereum
264.67,"461,649,000",254.04,6/7/2017,258.07,"24,382,200,000",264.26,Ethereum
267.51,"741,553,000",246.84,6/6/2017,264.47,"22,930,400,000",248.6,Ethereum
249.47,"435,660,000",243.05,6/5/2017,248.46,"22,615,800,000",245.26,Ethereum
250.41,"753,820,000",223.98,6/4/2017,245.33,"20,659,800,000",224.12,Ethereum
225.97,"427,896,000",219.42,6/3/2017,224.38,"20,593,500,000",223.46,Ethereum
229.41,"469,532,000",219.58,6/2/2017,223.78,"20,479,000,000",222.29,Ethereum
236.22,"812,924,000",214.48,6/1/2017,222.24,"21,264,800,000",230.89,Ethereum
236.97,"1,271,600,000",215.57,5/31/2017,230.67,"21,321,900,000",231.58,Ethereum
233.71,"1,586,670,000",189.29,5/30/2017,231.91,"18,004,700,000",195.61,Ethereum
197.13,"718,828,000",164.53,5/29/2017,194.91,"15,654,600,000",170.13,Ethereum
179.94,"717,971,000",157.6,5/28/2017,170.51,"14,608,600,000",158.82,Ethereum
166.95,"1,217,060,000",120.44,5/27/2017,157.76,"14,696,000,000",159.82,Ethereum
193.69,"792,458,000",150.28,5/26/2017,160.4,"16,107,000,000",175.22,Ethereum
210.98,"943,637,000",170.51,5/25/2017,174.45,"17,446,600,000",189.85,Ethereum
228.37,"561,014,000",182.45,5/24/2017,190.05,"16,779,700,000",182.65,Ethereum
183.55,"530,709,000",169.93,5/23/2017,181.95,"15,688,000,000",170.82,Ethereum
201.75,"1,188,910,000",152.47,5/22/2017,174.26,"14,522,100,000",158.17,Ethereum
159.03,"570,361,000",125.89,5/21/2017,157.94,"11,705,700,000",127.54,Ethereum
133.64,"331,455,000",124.7,5/20/2017,126.52,"11,856,600,000",129.22,Ethereum
133.56,"626,945,000",97.05,5/19/2017,129.53,"8,902,240,000",97.05,Ethereum
97.37,"196,237,000",89.84,5/18/2017,96.91,"8,238,110,000",89.84,Ethereum
91.27,"183,031,000",84.43,5/17/2017,89.86,"8,181,520,000",89.25,Ethereum
93.56,"152,285,000",89.12,5/16/2017,89.44,"8,466,470,000",92.39,Ethereum
95.43,"170,999,000",86.83,5/15/2017,92.41,"8,316,930,000",90.78,Ethereum
91.25,"66,046,600",89.61,5/14/2017,90.79,"8,322,380,000",90.87,Ethereum
93.81,"88,742,200",86.66,5/13/2017,90.84,"8,120,390,000",88.69,Ethereum
93.12,"145,825,000",88.66,5/12/2017,88.66,"8,184,930,000",89.43,Ethereum
102.55,"132,722,000",88.48,5/11/2017,89.88,"8,213,570,000",89.77,Ethereum
92.85,"145,602,000",85.29,5/10/2017,89.52,"8,337,180,000",91.15,Ethereum
93.06,"363,434,000",80.39,5/9/2017,91.16,"8,341,490,000",91.23,Ethereum
95.14,"231,344,000",89.51,5/8/2017,91.42,"8,569,060,000",93.75,Ethereum
98.24,"183,295,000",89.87,5/7/2017,94.01,"8,942,950,000",97.87,Ethereum
97.88,"151,462,000",90.95,5/6/2017,97.81,"8,669,910,000",94.91,Ethereum
103.23,"331,928,000",92.22,5/5/2017,94.4,"8,833,520,000",96.73,Ethereum
97.56,"366,847,000",79.43,5/4/2017,96.98,"7,277,480,000",79.72,Ethereum
80.1,"141,922,000",75.76,5/3/2017,79.72,"7,050,050,000",77.25,Ethereum
79.35,"193,773,000",74.38,5/2/2017,77.26,"6,992,980,000",76.65,Ethereum
82.52,"376,842,000",73.09,5/1/2017,76.3,"7,234,070,000",79.32,Ethereum
79.02,"229,945,000",68.35,4/30/2017,79.02,"6,248,840,000",68.54,Ethereum
71.9,"165,448,000",66.78,4/29/2017,68.38,"6,506,490,000",71.39,Ethereum
70.85,"346,546,000",62.13,4/28/2017,70.16,"5,669,550,000",62.23,Ethereum
62.17,"246,775,000",52.29,4/27/2017,62.17,"4,809,630,000",52.81,Ethereum
53.44,"104,884,000",49.91,4/26/2017,52.72,"4,544,370,000",49.91,Ethereum
50.3,"38,264,600",49.81,4/25/2017,49.89,"4,557,870,000",50.07,Ethereum
50.18,"55,580,600",48.87,4/24/2017,50.03,"4,446,470,000",48.87,Ethereum
48.89,"36,234,000",48.17,4/23/2017,48.49,"4,420,040,000",48.59,Ethereum
48.74,"37,357,600",48.17,4/22/2017,48.55,"4,381,290,000",48.18,Ethereum
49.66,"45,048,300",48.14,4/21/2017,48.22,"4,512,610,000",49.64,Ethereum
49.99,"79,600,900",48.13,4/20/2017,49.67,"4,373,800,000",48.13,Ethereum
50.95,"76,281,000",47.26,4/19/2017,48.31,"4,608,260,000",50.73,Ethereum
51.03,"78,748,500",48.3,4/18/2017,50.71,"4,387,860,000",48.32,Ethereum
48.75,"44,013,300",48.05,4/17/2017,48.3,"4,417,310,000",48.66,Ethereum
49.14,"31,343,800",48.19,4/16/2017,48.72,"4,450,140,000",49.04,Ethereum
49.57,"66,207,800",47.18,4/15/2017,49.1,"4,323,100,000",47.65,Ethereum
50.05,"91,674,400",46.76,4/14/2017,47.57,"4,531,810,000",49.97,Ethereum
50.91,"157,200,000",46.31,4/13/2017,50.22,"4,198,420,000",46.31,Ethereum
47.23,"88,045,700",43.11,4/12/2017,46.29,"3,938,930,000",43.46,Ethereum
44.25,"38,303,300",43.3,4/11/2017,43.41,"3,941,100,000",43.5,Ethereum
44.14,"44,061,500",42.42,4/10/2017,43.44,"3,919,520,000",43.28,Ethereum
44.49,"55,143,000",42.89,4/9/2017,43.27,"4,009,010,000",44.28,Ethereum
45.21,"74,138,800",41.73,4/8/2017,44.31,"3,783,000,000",41.8,Ethereum
44.04,"81,474,700",41.65,4/7/2017,42.16,"3,878,210,000",42.87,Ethereum
45.64,"147,120,000",40.9,4/6/2017,43.24,"4,089,930,000",45.22,Ethereum
47.84,"119,733,000",44.54,4/5/2017,45.3,"4,037,940,000",44.66,Ethereum
45.74,"157,568,000",41.72,4/4/2017,44.64,"3,969,730,000",43.92,Ethereum
48.82,"190,513,000",43.41,4/3/2017,44.36,"4,411,030,000",48.82,Ethereum
51.27,"134,604,000",45.43,4/2/2017,48.75,"4,582,700,000",50.74,Ethereum
51.93,"92,461,900",48.88,4/1/2017,50.7,"4,517,510,000",50.03,Ethereum
51.77,"151,416,000",47.38,3/31/2017,50.04,"4,671,190,000",51.75,Ethereum
53.31,"86,885,700",51.87,3/30/2017,52.21,"4,793,280,000",53.12,Ethereum
53.87,"144,998,000",50.55,3/29/2017,53.13,"4,561,150,000",50.57,Ethereum
50.96,"97,745,300",49.15,3/28/2017,50.77,"4,482,160,000",49.71,Ethereum
52.46,"118,978,000",48.93,3/27/2017,49.67,"4,624,990,000",51.31,Ethereum
51.8,"106,859,000",49.28,3/26/2017,50.52,"4,574,540,000",50.77,Ethereum
53.58,"223,059,000",48.31,3/25/2017,51.25,"4,825,700,000",53.58,Ethereum
54.14,"297,046,000",43.21,3/24/2017,53.11,"3,929,230,000",43.64,Ethereum
44.75,"100,724,000",41.3,3/23/2017,43.68,"3,831,310,000",42.57,Ethereum
43.52,"113,952,000",39.69,3/22/2017,42.34,"3,880,120,000",43.12,Ethereum
44.26,"91,265,400",42.37,3/21/2017,43.15,"3,913,620,000",43.51,Ethereum
46.23,"154,701,000",42.44,3/20/2017,43.39,"4,031,270,000",44.83,Ethereum
47,"239,430,000",35.34,3/19/2017,44.74,"3,193,600,000",35.53,Ethereum
46.87,"262,180,000",31.7,3/18/2017,34.16,"4,211,830,000",46.87,Ethereum
55.11,"497,534,000",38.21,3/17/2017,46.83,"4,125,480,000",45.93,Ethereum
47.17,"454,418,000",35.36,3/16/2017,46.35,"3,174,750,000",35.36,Ethereum
35.06,"170,344,000",28.43,3/15/2017,35.06,"2,571,160,000",28.65,Ethereum
29.93,"101,797,000",27.32,3/14/2017,28.65,"2,563,700,000",28.57,Ethereum
30.6,"255,488,000",23.5,3/13/2017,28.59,"2,108,300,000",23.5,Ethereum
23.44,"74,628,900",21.38,3/12/2017,23.44,"1,924,660,000",21.46,Ethereum
21.59,"69,150,100",19.01,3/11/2017,21.47,"1,736,630,000",19.37,Ethereum
19.66,"87,506,800",17.68,3/10/2017,19.33,"1,589,640,000",17.74,Ethereum
17.87,"31,418,400",16.37,3/9/2017,17.75,"1,490,500,000",16.64,Ethereum
18.88,"44,304,600",16.65,3/8/2017,16.65,"1,690,760,000",18.88,Ethereum
19.63,"37,972,200",18.64,3/7/2017,18.89,"1,752,530,000",19.58,Ethereum
20.1,"32,432,700",19.11,3/6/2017,19.61,"1,725,360,000",19.28,Ethereum
19.42,"26,816,300",18.23,3/5/2017,19.3,"1,655,030,000",18.5,Ethereum
20.05,"27,341,900",18.62,3/4/2017,18.62,"1,745,140,000",19.52,Ethereum
20.67,"95,863,400",18.41,3/3/2017,19.46,"1,702,140,000",19.04,Ethereum
19.35,"83,627,100",16.95,3/2/2017,19.03,"1,550,750,000",17.36,Ethereum
17.37,"44,927,500",15.56,3/1/2017,17.35,"1,415,510,000",15.85,Ethereum
16.06,"65,478,900",15.12,2/28/2017,15.82,"1,379,600,000",15.45,Ethereum
15.68,"31,667,000",14.27,2/27/2017,15.4,"1,294,770,000",14.51,Ethereum
14.54,"20,307,500",13.4,2/26/2017,14.52,"1,206,150,000",13.52,Ethereum
13.72,"18,533,900",12.98,2/25/2017,13.55,"1,165,230,000",13.06,Ethereum
13.23,"19,574,400",12.88,2/24/2017,13.07,"1,171,110,000",13.13,Ethereum
13.21,"14,522,300",12.56,2/23/2017,13.12,"1,122,910,000",12.6,Ethereum
12.76,"10,360,900",12.55,2/22/2017,12.6,"1,130,460,000",12.69,Ethereum
12.77,"15,183,300",12.21,2/21/2017,12.67,"1,099,330,000",12.34,Ethereum
12.9,"12,994,400",12.43,2/20/2017,12.43,"1,136,610,000",12.77,Ethereum
12.87,"7,799,740",12.71,2/19/2017,12.76,"1,140,870,000",12.82,Ethereum
12.83,"9,370,010",12.68,2/18/2017,12.81,"1,130,750,000",12.71,Ethereum
12.91,"11,636,500",12.66,2/17/2017,12.68,"1,147,260,000",12.9,Ethereum
12.92,"38,002,600",12.54,2/16/2017,12.9,"1,148,860,000",12.92,Ethereum
13.04,"18,464,700",12.64,2/15/2017,12.92,"1,159,000,000",13.04,Ethereum
13.33,"42,911,500",11.29,2/14/2017,13.03,"1,002,810,000",11.29,Ethereum
11.39,"7,216,520",11.17,2/13/2017,11.27,"1,011,080,000",11.38,Ethereum
11.4,"6,264,900",11.3,2/12/2017,11.4,"1,008,030,000",11.35,Ethereum
11.43,"7,544,520",11.24,2/11/2017,11.35,"1,002,130,000",11.29,Ethereum
11.34,"11,914,200",10.78,2/10/2017,11.28,"979,961,000",11.04,Ethereum
11.6,"18,400,300",10.67,2/9/2017,11.03,"1,014,280,000",11.44,Ethereum
11.63,"9,688,630",11.24,2/8/2017,11.43,"1,023,170,000",11.54,Ethereum
11.61,"7,629,640",11.41,2/7/2017,11.52,"1,012,620,000",11.43,Ethereum
11.48,"5,695,440",11.34,2/6/2017,11.39,"1,005,930,000",11.35,Ethereum
11.49,"5,942,960",11.32,2/5/2017,11.35,"1,013,400,000",11.44,Ethereum
11.5,"14,139,500",11.13,2/4/2017,11.43,"985,277,000",11.13,Ethereum
11.11,"12,897,800",10.76,2/3/2017,11.11,"956,944,000",10.81,Ethereum
10.89,"10,172,500",10.55,2/2/2017,10.82,"949,793,000",10.74,Ethereum
10.85,"12,852,200",10.56,2/1/2017,10.73,"949,969,000",10.74,Ethereum
10.75,"11,648,700",10.54,1/31/2017,10.73,"933,975,000",10.56,Ethereum
10.71,"8,042,180",10.47,1/30/2017,10.57,"927,415,000",10.49,Ethereum
10.57,"4,689,950",10.45,1/29/2017,10.48,"933,087,000",10.56,Ethereum
10.58,"6,580,700",10.43,1/28/2017,10.56,"930,688,000",10.54,Ethereum
10.61,"7,189,170",10.44,1/27/2017,10.54,"934,404,000",10.58,Ethereum
10.67,"8,465,020",10.51,1/26/2017,10.59,"932,575,000",10.57,Ethereum
10.62,"6,751,450",10.48,1/25/2017,10.57,"936,769,000",10.62,Ethereum
10.77,"8,327,330",10.57,1/24/2017,10.63,"946,083,000",10.73,Ethereum
10.84,"7,267,210",10.67,1/23/2017,10.82,"944,159,000",10.71,Ethereum
10.97,"8,678,620",10.58,1/22/2017,10.7,"961,463,000",10.91,Ethereum
10.98,"11,937,600",10.58,1/21/2017,10.91,"933,405,000",10.6,Ethereum
10.76,"10,992,800",10.35,1/20/2017,10.6,"914,696,000",10.39,Ethereum
10.44,"8,347,550",10.18,1/19/2017,10.4,"901,484,000",10.24,Ethereum
10.52,"10,788,200",9.94,1/18/2017,10.23,"906,079,000",10.3,Ethereum
10.61,"18,391,900",9.54,1/17/2017,10.3,"847,981,000",9.64,Ethereum
9.93,"14,937,400",9.58,1/16/2017,9.64,"869,126,000",9.88,Ethereum
10,"14,837,900",9.6,1/15/2017,9.9,"864,037,000",9.83,Ethereum
9.89,"20,085,800",9.44,1/14/2017,9.65,"859,971,000",9.79,Ethereum
9.85,"25,066,600",9.51,1/13/2017,9.77,"863,241,000",9.83,Ethereum
10.08,"30,453,800",9.18,1/12/2017,9.86,"853,638,000",9.72,Ethereum
10.66,"26,823,500",9.46,1/11/2017,9.72,"925,320,000",10.54,Ethereum
10.69,"10,879,700",10.29,1/10/2017,10.55,"909,897,000",10.37,Ethereum
10.78,"25,718,300",10.14,1/9/2017,10.33,"904,682,000",10.31,Ethereum
10.39,"16,676,600",9.83,1/8/2017,10.29,"865,667,000",9.87,Ethereum
10.28,"23,153,600",9.59,1/7/2017,9.87,"897,636,000",10.24,Ethereum
10.63,"29,471,800",9.63,1/6/2017,10.25,"901,249,000",10.29,Ethereum
11.89,"41,557,400",9.4,1/5/2017,10.25,"988,599,000",11.29,Ethereum
11.28,"41,051,200",9.56,1/4/2017,11.25,"850,115,000",9.71,Ethereum
10,"33,625,200",8.32,1/3/2017,9.73,"732,988,000",8.37,Ethereum
8.44,"14,579,600",8.05,1/2/2017,8.38,"714,900,000",8.17,Ethereum
8.47,"14,731,700",7.98,1/1/2017,8.17,"698,149,000",7.98,Ethereum
8.16,"9,066,800",7.91,12/31/2016,7.97,"712,662,000",8.15,Ethereum
8.47,"13,909,900",8.05,12/30/2016,8.16,"724,528,000",8.29,Ethereum
8.53,"27,543,800",7.54,12/29/2016,8.28,"658,674,000",7.54,Ethereum
7.62,"17,453,300",7.08,12/28/2016,7.52,"624,359,000",7.15,Ethereum
7.32,"8,778,610",7.09,12/27/2016,7.17,"635,260,000",7.28,Ethereum
7.33,"5,836,810",7.05,12/26/2016,7.27,"622,439,000",7.13,Ethereum
7.34,"8,671,840",7.14,12/25/2016,7.18,"633,792,000",7.26,Ethereum
7.41,"7,626,020",7.15,12/24/2016,7.27,"623,759,000",7.15,Ethereum
7.69,"19,613,100",7.16,12/23/2016,7.17,"660,546,000",7.58,Ethereum
7.91,"16,376,700",7.5,12/22/2016,7.58,"688,380,000",7.9,Ethereum
7.94,"9,393,550",7.66,12/21/2016,7.91,"667,625,000",7.66,Ethereum
7.75,"6,313,550",7.57,12/20/2016,7.66,"664,772,000",7.63,Ethereum
7.87,"5,894,760",7.63,12/19/2016,7.64,"685,054,000",7.87,Ethereum
7.93,"5,890,020",7.72,12/18/2016,7.87,"684,028,000",7.86,Ethereum
7.9,"8,502,620",7.52,12/17/2016,7.88,"683,357,000",7.86,Ethereum
7.93,"5,178,610",7.8,12/16/2016,7.86,"683,399,000",7.86,Ethereum
8.24,"13,184,400",7.72,12/15/2016,7.83,"715,861,000",8.24,Ethereum
8.52,"7,337,220",8.25,12/14/2016,8.27,"734,382,000",8.45,Ethereum
8.53,"4,486,190",8.35,12/13/2016,8.42,"740,099,000",8.52,Ethereum
8.61,"9,119,700",8.17,12/12/2016,8.52,"711,348,000",8.19,Ethereum
8.27,"5,545,500",8.1,12/11/2016,8.19,"705,363,000",8.13,Ethereum
8.53,"8,108,370",8.02,12/10/2016,8.13,"732,173,000",8.44,Ethereum
8.67,"12,916,300",8.05,12/9/2016,8.45,"708,468,000",8.17,Ethereum
8.86,"16,042,700",8.23,12/8/2016,8.23,"726,878,000",8.38,Ethereum
8.54,"22,229,600",7.33,12/7/2016,8.38,"684,258,000",7.89,Ethereum
7.92,"50,671,200",5.98,12/6/2016,7.87,"589,548,000",6.8,Ethereum
7.64,"17,344,500",6.66,12/5/2016,6.82,"641,820,000",7.41,Ethereum
7.95,"8,450,790",7.44,12/4/2016,7.44,"684,258,000",7.9,Ethereum
8.15,"12,112,100",7.67,12/3/2016,7.92,"672,138,000",7.77,Ethereum
8.46,"18,579,800",7.42,12/2/2016,7.76,"731,520,000",8.46,Ethereum
8.65,"5,882,340",8.36,12/1/2016,8.45,"743,882,000",8.6,Ethereum
8.75,"10,626,600",8.16,11/30/2016,8.59,"705,040,000",8.16,Ethereum
8.74,"17,000,400",7.88,11/29/2016,8.17,"754,307,000",8.73,Ethereum
9.01,"6,046,890",8.72,11/28/2016,8.72,"777,311,000",9,Ethereum
9.33,"8,707,660",8.78,11/27/2016,9,"804,085,000",9.31,Ethereum
9.5,"3,505,990",9.31,11/26/2016,9.33,"812,795,000",9.42,Ethereum
9.75,"7,669,720",9.21,11/25/2016,9.4,"796,268,000",9.23,Ethereum
9.85,"15,987,800",8.93,11/24/2016,9.23,"849,229,000",9.85,Ethereum
9.96,"4,812,310",9.76,11/23/2016,9.84,"855,265,000",9.92,Ethereum
10.24,"11,284,400",9.59,11/22/2016,9.91,"829,616,000",9.63,Ethereum
9.64,"3,663,210",9.54,11/21/2016,9.62,"825,381,000",9.58,Ethereum
9.71,"5,173,420",9.52,11/20/2016,9.58,"832,050,000",9.66,Ethereum
9.75,"5,186,540",9.48,11/19/2016,9.66,"816,380,000",9.48,Ethereum
10.01,"10,816,100",9.48,11/18/2016,9.48,"859,571,000",9.99,Ethereum
10.19,"6,984,700",9.92,11/17/2016,9.99,"865,393,000",10.06,Ethereum
10.33,"9,533,550",9.93,11/16/2016,10.06,"878,610,000",10.22,Ethereum
10.32,"6,557,550",9.85,11/15/2016,10.22,"857,223,000",9.97,Ethereum
10.16,"3,573,250",9.96,11/14/2016,9.97,"867,755,000",10.1,Ethereum
10.41,"8,227,770",9.84,11/13/2016,10.1,"849,342,000",9.89,Ethereum
10.34,"10,052,500",9.7,11/12/2016,9.88,"883,780,000",10.29,Ethereum
10.57,"6,056,300",10.26,11/11/2016,10.29,"902,479,000",10.51,Ethereum
10.68,"4,253,980",10.51,11/10/2016,10.52,"915,940,000",10.67,Ethereum
10.83,"14,606,600",10.22,11/9/2016,10.66,"928,063,000",10.82,Ethereum
10.92,"6,258,150",10.74,11/8/2016,10.83,"930,345,000",10.85,Ethereum
10.96,"5,992,480",10.78,11/7/2016,10.81,"934,536,000",10.9,Ethereum
11.25,"5,688,710",10.85,11/6/2016,10.87,"941,729,000",10.99,Ethereum
11.24,"5,502,670",10.88,11/5/2016,11,"950,213,000",11.09,Ethereum
11.12,"9,958,040",10.82,11/4/2016,11.09,"926,129,000",10.82,Ethereum
11.11,"15,228,600",10.76,11/3/2016,10.8,"924,097,000",10.8,Ethereum
11.16,"11,691,700",10.69,11/2/2016,10.75,"921,691,000",10.77,Ethereum
11.18,"22,901,300",10.3,11/1/2016,10.77,"937,123,000",10.96,Ethereum
11.5,"13,393,900",10.94,10/31/2016,11,"960,008,000",11.23,Ethereum
11.45,"16,694,900",10.29,10/30/2016,11.18,"891,164,000",10.43,Ethereum
11.2,"27,070,400",9.56,10/29/2016,10.44,"948,271,000",11.1,Ethereum
11.58,"13,971,500",10.95,10/28/2016,11.09,"979,916,000",11.47,Ethereum
11.61,"13,255,400",11.26,10/27/2016,11.5,"984,361,000",11.53,Ethereum
11.66,"10,221,800",11.38,10/26/2016,11.53,"971,440,000",11.38,Ethereum
11.99,"19,316,000",11.15,10/25/2016,11.41,"1,020,850,000",11.97,Ethereum
12.1,"5,739,690",11.91,10/24/2016,11.97,"1,026,400,000",12.04,Ethereum
12.14,"5,774,660",11.94,10/23/2016,12.04,"1,033,970,000",12.13,Ethereum
12.19,"7,583,820",11.95,10/22/2016,12.07,"1,037,850,000",12.18,Ethereum
12.21,"5,676,920",12.02,10/21/2016,12.18,"1,033,140,000",12.13,Ethereum
12.29,"8,170,760",12,10/20/2016,12.1,"1,025,620,000",12.05,Ethereum
12.62,"10,576,200",11.91,10/19/2016,12.02,"1,071,710,000",12.59,Ethereum
12.93,"18,864,200",12,10/18/2016,12.59,"1,020,530,000",12,Ethereum
12.03,"5,724,440",11.86,10/17/2016,12.01,"1,016,710,000",11.96,Ethereum
12.01,"3,617,280",11.93,10/16/2016,11.95,"1,018,540,000",11.98,Ethereum
12,"4,991,840",11.78,10/15/2016,11.98,"1,014,280,000",11.94,Ethereum
12.07,"4,333,510",11.9,10/14/2016,11.94,"1,018,390,000",11.99,Ethereum
12.13,"8,665,190",11.78,10/13/2016,11.96,"1,011,190,000",11.91,Ethereum
12.07,"9,694,640",11.71,10/12/2016,11.93,"1,000,220,000",11.78,Ethereum
12.16,"11,727,700",11.75,10/11/2016,11.79,"997,949,000",11.76,Ethereum
12.06,"10,809,200",11.62,10/10/2016,11.76,"1,022,860,000",12.06,Ethereum
12.36,"7,208,480",11.98,10/9/2016,12.05,"1,035,590,000",12.22,Ethereum
12.69,"11,611,200",12.05,10/8/2016,12.22,"1,073,990,000",12.67,Ethereum
12.99,"8,933,050",12.53,10/7/2016,12.67,"1,088,570,000",12.85,Ethereum
13.14,"12,044,800",12.69,10/6/2016,12.85,"1,102,940,000",13.03,Ethereum
13.35,"9,881,370",13.04,10/5/2016,13.04,"1,124,270,000",13.28,Ethereum
13.53,"8,348,280",13.21,10/4/2016,13.28,"1,137,980,000",13.45,Ethereum
13.49,"7,458,320",13.19,10/3/2016,13.45,"1,116,600,000",13.2,Ethereum
13.3,"4,079,660",13.14,10/2/2016,13.2,"1,114,200,000",13.18,Ethereum
13.31,"6,331,160",13.05,10/1/2016,13.17,"1,115,690,000",13.2,Ethereum
13.34,"5,950,840",13.02,9/30/2016,13.22,"1,104,530,000",13.08,Ethereum
13.34,"5,990,630",13.07,9/29/2016,13.07,"1,121,060,000",13.28,Ethereum
13.48,"10,239,000",13.08,9/28/2016,13.27,"1,106,330,000",13.11,Ethereum
13.21,"6,831,070",12.86,9/27/2016,13.1,"1,085,330,000",12.86,Ethereum
13.17,"7,213,070",12.74,9/26/2016,12.82,"1,110,700,000",13.17,Ethereum
13.11,"5,283,440",12.8,9/25/2016,13.1,"1,083,510,000",12.85,Ethereum
13.34,"9,824,880",12.68,9/24/2016,12.88,"1,122,670,000",13.32,Ethereum
13.45,"9,166,430",13.1,9/23/2016,13.33,"1,112,590,000",13.21,Ethereum
13.66,"27,382,800",12.48,9/22/2016,13.25,"1,150,650,000",13.66,Ethereum
14.43,"28,645,000",13.17,9/21/2016,13.77,"1,214,950,000",14.43,Ethereum
14.43,"31,929,100",13.12,9/20/2016,14.43,"1,111,810,000",13.21,Ethereum
13.19,"13,838,800",12.42,9/19/2016,13.19,"1,045,870,000",12.44,Ethereum
12.99,"22,433,300",12.16,9/18/2016,12.43,"1,066,620,000",12.69,Ethereum
12.76,"7,446,610",12.44,9/17/2016,12.7,"1,055,440,000",12.56,Ethereum
12.75,"17,421,500",11.9,9/16/2016,12.56,"1,004,740,000",11.96,Ethereum
12.14,"7,309,090",11.92,9/15/2016,11.94,"1,002,970,000",11.94,Ethereum
12,"5,694,820",11.86,9/14/2016,11.92,"999,352,000",11.9,Ethereum
12.09,"11,704,300",11.88,9/13/2016,11.92,"997,638,000",11.89,Ethereum
11.95,"7,478,080",11.61,9/12/2016,11.89,"976,645,000",11.64,Ethereum
12.21,"8,791,180",11.59,9/11/2016,11.64,"1,023,640,000",12.21,Ethereum
12.22,"7,220,300",11.54,9/10/2016,12.17,"977,515,000",11.66,Ethereum
11.68,"6,109,200",11.39,9/9/2016,11.65,"956,210,000",11.41,Ethereum
11.7,"11,535,000",11.25,9/8/2016,11.35,"967,010,000",11.55,Ethereum
11.73,"6,115,050",11.52,9/7/2016,11.55,"979,087,000",11.69,Ethereum
11.73,"6,346,330",11.47,9/6/2016,11.69,"981,303,000",11.73,Ethereum
11.81,"5,724,100",11.59,9/5/2016,11.72,"977,169,000",11.68,Ethereum
11.79,"7,220,550",11.47,9/4/2016,11.68,"982,952,000",11.75,Ethereum
12.36,"13,358,800",11.35,9/3/2016,11.76,"1,012,580,000",12.11,Ethereum
12.31,"9,368,300",11.88,9/2/2016,12.11,"999,757,000",11.96,Ethereum
12.58,"24,051,500",11.65,9/1/2016,11.99,"974,844,000",11.67,Ethereum
11.68,"11,073,700",11.18,8/31/2016,11.67,"938,406,000",11.24,Ethereum
11.3,"7,221,260",10.96,8/30/2016,11.23,"917,474,000",10.99,Ethereum
11.15,"8,130,540",10.79,8/29/2016,10.98,"910,698,000",10.92,Ethereum
11.15,"5,303,040",10.92,8/28/2016,10.93,"929,690,000",11.15,Ethereum
11.29,"15,108,400",11.14,8/27/2016,11.15,"941,585,000",11.29,Ethereum
11.45,"5,857,850",11.21,8/26/2016,11.3,"946,092,000",11.35,Ethereum
11.39,"8,552,380",11.02,8/25/2016,11.36,"918,977,000",11.03,Ethereum
11.15,"4,423,420",11.01,8/24/2016,11.04,"918,039,000",11.02,Ethereum
11.23,"6,489,380",10.9,8/23/2016,11.03,"927,065,000",11.14,Ethereum
11.34,"6,588,920",11.07,8/22/2016,11.12,"930,708,000",11.19,Ethereum
11.25,"4,355,660",10.99,8/21/2016,11.18,"936,015,000",11.25,Ethereum
11.3,"7,443,540",10.75,8/20/2016,11.25,"893,814,000",10.75,Ethereum
10.8,"5,390,850",10.73,8/19/2016,10.75,"893,156,000",10.75,Ethereum
11.01,"6,935,800",10.74,8/18/2016,10.76,"892,903,000",10.75,Ethereum
11.15,"8,833,760",10.75,8/17/2016,10.75,"924,591,000",11.13,Ethereum
11.24,"7,051,510",11,8/16/2016,11.14,"932,162,000",11.23,Ethereum
11.31,"7,500,840",11,8/15/2016,11.22,"929,558,000",11.2,Ethereum
11.69,"8,680,160",11.1,8/14/2016,11.19,"960,855,000",11.58,Ethereum
11.79,"7,539,490",11.51,8/13/2016,11.57,"975,999,000",11.77,Ethereum
12.04,"13,690,100",11.64,8/12/2016,11.78,"968,865,000",11.69,Ethereum
12.27,"17,505,000",11.63,8/11/2016,11.69,"1,005,720,000",12.14,Ethereum
12.46,"28,096,300",11.98,8/10/2016,12.14,"1,012,910,000",12.23,Ethereum
12.45,"36,656,600",11.2,8/9/2016,12.24,"933,431,000",11.27,Ethereum
11.33,"14,956,700",10.86,8/8/2016,11.25,"903,184,000",10.91,Ethereum
11.09,"16,551,000",10.78,8/7/2016,10.91,"898,340,000",10.86,Ethereum
10.94,"16,712,600",10.29,8/6/2016,10.88,"902,752,000",10.92,Ethereum
11.18,"15,487,900",10.76,8/5/2016,10.93,"910,856,000",11.02,Ethereum
11.29,"38,151,400",10.16,8/4/2016,11.04,"851,992,000",10.31,Ethereum
10.42,"53,979,400",8.88,8/3/2016,10.29,"733,204,000",8.88,Ethereum
11.14,"88,803,300",8.2,8/2/2016,8.79,"903,978,000",10.95,Ethereum
12.01,"23,999,500",10.94,8/1/2016,10.94,"981,735,000",11.89,Ethereum
12.51,"25,441,400",11.55,7/31/2016,11.88,"1,026,310,000",12.44,Ethereum
12.8,"9,047,810",12.46,7/30/2016,12.46,"1,055,410,000",12.8,Ethereum
12.87,"14,082,300",12.55,7/29/2016,12.79,"1,058,220,000",12.84,Ethereum
12.99,"24,603,900",12.49,7/28/2016,12.84,"1,069,560,000",12.98,Ethereum
13.31,"58,278,800",11.84,7/27/2016,12.97,"992,645,000",12.05,Ethereum
13.85,"94,428,800",11.73,7/26/2016,11.99,"1,137,660,000",13.82,Ethereum
13.86,"36,673,800",12.68,7/25/2016,13.84,"1,048,920,000",12.74,Ethereum
14.44,"77,750,800",12.32,7/24/2016,12.75,"1,176,250,000",14.3,Ethereum
14.9,"32,489,700",14.05,7/23/2016,14.3,"1,206,190,000",14.67,Ethereum
14.81,"74,779,500",12.54,7/22/2016,14.66,"1,040,640,000",12.66,Ethereum
12.71,"24,636,900",11.99,7/21/2016,12.65,"1,024,000,000",12.46,Ethereum
12.99,"60,226,100",11.57,7/20/2016,12.45,"952,143,000",11.59,Ethereum
12.01,"21,730,000",11.01,7/19/2016,11.62,"907,135,000",11.05,Ethereum
11.61,"15,931,900",10.95,7/18/2016,11.03,"917,151,000",11.17,Ethereum
11.67,"17,921,600",11.01,7/17/2016,11.16,"953,762,000",11.62,Ethereum
11.94,"10,445,700",11.59,7/16/2016,11.65,"977,658,000",11.92,Ethereum
12.43,"26,838,900",11.49,7/15/2016,11.95,"942,817,000",11.5,Ethereum
11.68,"23,621,900",10.6,7/14/2016,11.51,"868,509,000",10.6,Ethereum
10.59,"6,715,660",10.4,7/13/2016,10.5,"860,770,000",10.51,Ethereum
10.76,"11,127,700",10.43,7/12/2016,10.52,"855,555,000",10.45,Ethereum
11.01,"13,098,000",10.26,7/11/2016,10.46,"895,670,000",10.94,Ethereum
11.01,"5,479,240",10.78,7/10/2016,10.95,"896,899,000",10.96,Ethereum
11.46,"17,254,800",10.73,7/9/2016,10.97,"933,946,000",11.42,Ethereum
11.52,"20,039,800",9.96,7/8/2016,11.39,"827,090,000",10.12,Ethereum
10.57,"15,407,200",9.8,7/7/2016,10.11,"861,144,000",10.54,Ethereum
11.11,"18,137,300",10.28,7/6/2016,10.53,"864,063,000",10.58,Ethereum
11.52,"45,526,900",9.58,7/5/2016,10.61,"935,730,000",11.46,Ethereum
11.88,"12,943,500",11.39,7/4/2016,11.47,"954,849,000",11.7,Ethereum
12.15,"10,588,700",11.59,7/3/2016,11.72,"989,132,000",12.12,Ethereum
12.22,"8,987,070",11.95,7/2/2016,12.13,"996,510,000",12.22,Ethereum
12.49,"17,236,500",11.73,7/1/2016,12.2,"1,014,220,000",12.44,Ethereum
12.74,"15,801,300",12.25,6/30/2016,12.46,"1,027,260,000",12.6,Ethereum
13.04,"26,982,800",11.69,6/29/2016,12.61,"991,926,000",12.17,Ethereum
13.98,"43,436,600",11.72,6/28/2016,12.18,"1,134,340,000",13.93,Ethereum
14.12,"10,994,700",13.75,6/27/2016,13.88,"1,124,170,000",13.81,Ethereum
14.37,"14,747,600",13.66,6/26/2016,13.85,"1,160,590,000",14.26,Ethereum
14.58,"15,383,100",14.02,6/25/2016,14.28,"1,163,530,000",14.3,Ethereum
14.57,"33,332,900",13.22,6/24/2016,14.33,"1,112,590,000",13.68,Ethereum
13.79,"30,806,400",12.56,6/23/2016,13.68,"1,074,240,000",13.22,Ethereum
15.79,"96,994,100",13.1,6/22/2016,13.1,"1,072,510,000",13.2,Ethereum
13.42,"69,245,600",11.29,6/21/2016,13.31,"960,014,000",11.82,Ethereum
12.45,"58,143,600",10.52,6/20/2016,11.84,"993,503,000",12.24,Ethereum
13.18,"69,783,600",10.64,6/19/2016,12.23,"906,292,000",11.17,Ethereum
15.38,"133,937,000",9.96,6/18/2016,11.33,"1,247,530,000",15.38,Ethereum
21.52,"199,408,000",13.57,6/17/2016,15.38,"1,674,540,000",20.65,Ethereum
20.83,"38,531,000",18.36,6/16/2016,20.59,"1,488,420,000",18.36,Ethereum
18.91,"19,393,400",17.71,6/15/2016,18.35,"1,531,790,000",18.91,Ethereum
19.27,"64,412,200",17.3,6/14/2016,18.89,"1,426,500,000",17.61,Ethereum
17.64,"38,023,400",15.72,6/13/2016,17.6,"1,276,930,000",15.77,Ethereum
15.9,"38,210,300",14.19,6/12/2016,15.74,"1,148,070,000",14.19,Ethereum
14.19,"12,176,500",13.72,6/11/2016,14.19,"1,125,180,000",13.91,Ethereum
14.43,"11,312,900",13.82,6/10/2016,13.91,"1,162,500,000",14.38,Ethereum
14.57,"8,256,830",14.34,6/9/2016,14.4,"1,166,450,000",14.43,Ethereum
14.78,"16,941,800",14.28,6/8/2016,14.42,"1,172,230,000",14.51,Ethereum
14.51,"21,421,600",13.81,6/7/2016,14.51,"1,126,330,000",13.95,Ethereum
14.06,"8,720,400",13.73,6/6/2016,13.93,"1,130,350,000",14,Ethereum
14.07,"11,088,400",13.57,6/5/2016,13.97,"1,110,690,000",13.76,Ethereum
13.95,"15,792,400",13.42,6/4/2016,13.74,"1,118,460,000",13.86,Ethereum
13.87,"22,981,500",13.25,6/3/2016,13.85,"1,108,220,000",13.74,Ethereum
14.05,"10,477,200",13.63,6/2/2016,13.74,"1,127,830,000",13.99,Ethereum
14.32,"22,471,300",13.44,6/1/2016,14,"1,136,900,000",14.11,Ethereum
14.27,"42,433,400",12.64,5/31/2016,14.08,"1,026,410,000",12.74,Ethereum
12.88,"14,733,800",12.27,5/30/2016,12.73,"992,329,000",12.33,Ethereum
12.69,"28,598,400",11.78,5/29/2016,12.35,"974,784,000",12.11,Ethereum
12.36,"47,274,800",10.37,5/28/2016,11.89,"911,724,000",11.33,Ethereum
12.39,"57,496,400",10.5,5/27/2016,11.3,"996,293,000",12.39,Ethereum
12.99,"20,764,000",12.06,5/26/2016,12.43,"1,006,080,000",12.52,Ethereum
12.9,"27,444,700",11.77,5/25/2016,12.53,"1,027,940,000",12.79,Ethereum
13.77,"41,560,600",12.01,5/24/2016,12.73,"1,068,670,000",13.31,Ethereum
14.49,"23,842,800",13.19,5/23/2016,13.46,"1,146,470,000",14.28,Ethereum
14.35,"17,938,900",13.77,5/22/2016,14.29,"1,126,810,000",14.04,Ethereum
14.05,"24,648,400",13.12,5/21/2016,14.02,"1,098,220,000",13.69,Ethereum
15.05,"50,544,100",13.38,5/20/2016,13.64,"1,191,080,000",14.85,Ethereum
14.87,"53,757,500",13.34,5/19/2016,14.77,"1,085,570,000",13.54,Ethereum
14.26,"65,389,900",12.18,5/18/2016,13.56,"975,878,000",12.18,Ethereum
12.49,"37,198,700",11.15,5/17/2016,12.2,"896,505,000",11.19,Ethereum
11.44,"29,079,900",9.97,5/16/2016,11.17,"798,116,000",9.97,Ethereum
10.44,"9,218,400",9.93,5/15/2016,9.96,"819,399,000",10.24,Ethereum
10.62,"18,808,000",9.81,5/14/2016,10.24,"840,395,000",10.51,Ethereum
11.05,"31,276,900",10.02,5/13/2016,10.51,"804,647,000",10.06,Ethereum
10.51,"24,137,700",9.86,5/12/2016,10.06,"798,952,000",10,Ethereum
10.01,"15,267,500",9.39,5/11/2016,10,"753,600,000",9.43,Ethereum
9.48,"9,321,790",9.26,5/10/2016,9.36,"741,417,000",9.28,Ethereum
9.64,"13,085,300",9.2,5/9/2016,9.3,"758,000,000",9.49,Ethereum
9.6,"15,031,000",8.93,5/8/2016,9.48,"748,030,000",9.37,Ethereum
9.48,"10,806,500",9.21,5/7/2016,9.37,"743,166,000",9.32,Ethereum
9.95,"21,510,600",9.04,5/6/2016,9.35,"782,261,000",9.81,Ethereum
10.05,"18,296,200",9.29,5/5/2016,9.83,"749,038,000",9.4,Ethereum
10.03,"17,622,400",9.27,5/4/2016,9.41,"747,638,000",9.38,Ethereum
10.17,"21,463,900",9.28,5/3/2016,9.31,"809,644,000",10.17,Ethereum
10.32,"41,019,200",8.85,5/2/2016,10.16,"708,137,000",8.89,Ethereum
9.01,"16,713,800",8.43,5/1/2016,8.85,"698,377,000",8.78,Ethereum
9.37,"36,573,300",7.45,4/30/2016,8.81,"592,992,000",7.45,Ethereum
7.73,"8,762,080",7.17,4/29/2016,7.46,"573,124,000",7.21,Ethereum
7.91,"11,576,000",7.17,4/28/2016,7.17,"615,316,000",7.74,Ethereum
7.97,"19,254,500",7.32,4/27/2016,7.76,"587,076,000",7.39,Ethereum
7.55,"17,667,300",7.06,4/26/2016,7.4,"597,819,000",7.53,Ethereum
8.09,"18,239,900",7.24,4/25/2016,7.55,"635,784,000",8.01,Ethereum
8.47,"10,786,400",7.96,4/24/2016,8,"658,203,000",8.29,Ethereum
8.55,"14,565,200",7.74,4/23/2016,8.29,"618,147,000",7.79,Ethereum
8.27,"13,309,300",7.67,4/22/2016,7.82,"646,298,000",8.15,Ethereum
8.72,"13,355,400",7.96,4/21/2016,8.1,"670,104,000",8.45,Ethereum
8.83,"15,634,700",8.31,4/20/2016,8.47,"688,434,000",8.69,Ethereum
9.31,"12,899,100",8.6,4/19/2016,8.71,"718,825,000",9.08,Ethereum
9.51,"21,084,100",8.5,4/18/2016,9.04,"738,916,000",9.33,Ethereum
9.7,"24,619,600",8.56,4/17/2016,9.31,"682,467,000",8.62,Ethereum
8.65,"9,888,460",8.11,4/16/2016,8.61,"651,554,000",8.24,Ethereum
8.62,"12,179,000",8.1,4/15/2016,8.24,"663,169,000",8.39,Ethereum
8.76,"13,590,700",8.02,4/14/2016,8.39,"638,330,000",8.08,Ethereum
8.72,"31,403,300",7.07,4/13/2016,8.04,"587,994,000",7.44,Ethereum
8.64,"23,190,100",7.15,4/12/2016,7.44,"682,395,000",8.64,Ethereum
8.95,"15,138,100",8,4/11/2016,8.64,"706,074,000",8.94,Ethereum
9.22,"42,613,400",7.46,4/10/2016,8.94,"722,133,000",9.15,Ethereum
10.09,"16,194,800",9.07,4/9/2016,9.15,"764,797,000",9.69,Ethereum
10.39,"14,660,600",9.66,4/8/2016,9.72,"794,705,000",10.08,Ethereum
10.81,"13,464,500",9.95,4/7/2016,10.07,"843,091,000",10.7,Ethereum
10.97,"16,997,100",10.28,4/6/2016,10.69,"823,420,000",10.45,Ethereum
11.21,"20,557,300",10.13,4/5/2016,10.44,"883,170,000",11.21,Ethereum
11.62,"9,599,070",11.02,4/4/2016,11.16,"914,560,000",11.62,Ethereum
11.71,"5,580,550",11.51,4/3/2016,11.62,"915,175,000",11.63,Ethereum
11.69,"8,682,620",11.4,4/2/2016,11.6,"914,995,000",11.63,Ethereum
11.85,"11,373,100",11.4,4/1/2016,11.66,"896,537,000",11.4,Ethereum
12.01,"14,966,700",11.32,3/31/2016,11.4,"936,992,000",11.92,Ethereum
12.18,"19,351,200",11.47,3/30/2016,11.95,"911,902,000",11.61,Ethereum
11.91,"17,684,200",11.35,3/29/2016,11.66,"923,114,000",11.75,Ethereum
11.86,"23,188,300",10.41,3/28/2016,11.67,"819,007,000",10.43,Ethereum
11.05,"16,744,800",10.11,3/27/2016,10.42,"862,211,000",10.99,Ethereum
11.18,"9,425,480",10.59,3/26/2016,10.97,"844,742,000",10.77,Ethereum
11.37,"13,782,000",10.53,3/25/2016,10.74,"883,012,000",11.26,Ethereum
12.5,"26,081,800",10.8,3/24/2016,11.23,"975,295,000",12.44,Ethereum
12.43,"19,353,200",11.24,3/23/2016,12.42,"887,595,000",11.33,Ethereum
12.03,"19,730,300",11.18,3/22/2016,11.27,"929,610,000",11.88,Ethereum
12.01,"28,572,600",10.16,3/21/2016,11.86,"805,997,000",10.3,Ethereum
10.9,"17,651,100",9.57,3/20/2016,10.32,"822,297,000",10.52,Ethereum
11.2,"26,735,700",9.78,3/19/2016,10.53,"875,689,000",11.2,Ethereum
11.18,"53,956,800",8.52,3/18/2016,11,"867,949,000",11.11,Ethereum
12.64,"41,650,600",10.44,3/17/2016,11.08,"977,389,000",12.56,Ethereum
13.73,"24,335,500",12.5,3/16/2016,12.52,"1,013,020,000",13.02,Ethereum
13.2,"28,404,500",12.05,3/15/2016,13.01,"1,011,090,000",13,Ethereum
15.01,"58,385,100",11.58,3/14/2016,12.45,"1,128,180,000",14.51,Ethereum
15.26,"43,915,100",13.47,3/13/2016,14.47,"1,049,930,000",13.51,Ethereum
13.53,"48,957,300",11.09,3/12/2016,13.53,"864,733,000",11.13,Ethereum
11.6,"21,002,700",10.39,3/11/2016,11.08,"871,511,000",11.22,Ethereum
12.24,"26,851,500",10.99,3/10/2016,11.3,"922,452,000",11.88,Ethereum
12.05,"27,540,500",9.67,3/9/2016,11.9,"760,017,000",9.79,Ethereum
10.17,"25,524,300",8.82,3/8/2016,9.85,"743,456,000",9.58,Ethereum
11.65,"34,085,100",9.31,3/7/2016,9.55,"886,447,000",11.43,Ethereum
11.84,"39,112,000",9.99,3/6/2016,11.38,"868,736,000",11.2,Ethereum
12.27,"56,439,600",9.97,3/5/2016,11,"803,827,000",10.37,Ethereum
10.41,"35,520,100",8.48,3/4/2016,10.41,"716,027,000",9.24,Ethereum
10.1,"40,314,900",8.33,3/3/2016,9.29,"653,959,000",8.44,Ethereum
8.75,"29,130,200",7.37,3/2/2016,8.47,"591,078,000",7.63,Ethereum
7.91,"23,098,100",6.31,3/1/2016,7.65,"489,188,000",6.32,Ethereum
6.61,"7,648,020",6.05,2/29/2016,6.34,"499,587,000",6.46,Ethereum
6.62,"9,851,660",6.24,2/28/2016,6.47,"495,545,000",6.41,Ethereum
6.53,"8,903,210",5.92,2/27/2016,6.43,"461,169,000",5.96,Ethereum
6.27,"9,526,860",5.74,2/26/2016,5.92,"466,797,000",6.04,Ethereum
6.65,"21,471,800",5.55,2/25/2016,6.1,"478,149,000",6.19,Ethereum
6.24,"11,426,500",5.51,2/24/2016,6.24,"432,977,000",5.6,Ethereum
5.95,"13,380,600",5.39,2/23/2016,5.59,"439,084,000",5.68,Ethereum
5.65,"15,056,200",4.64,2/22/2016,5.62,"360,185,000",4.66,Ethereum
4.71,"6,413,550",4.23,2/21/2016,4.65,"336,572,000",4.36,Ethereum
4.75,"8,631,090",4.13,2/20/2016,4.34,"361,281,000",4.68,Ethereum
4.79,"7,666,320",4.27,2/19/2016,4.74,"338,222,000",4.38,Ethereum
4.77,"17,054,000",3.42,2/18/2016,4.4,"291,068,000",3.77,Ethereum
4.77,"15,451,000",3.5,2/17/2016,3.76,"330,635,000",4.29,Ethereum
5.47,"15,889,100",4.03,2/16/2016,4.32,"410,605,000",5.33,Ethereum
5.89,"13,934,200",5.02,2/15/2016,5.29,"410,643,000",5.33,Ethereum
5.47,"11,226,500",4.45,2/14/2016,5.24,"416,193,000",5.4,Ethereum
5.72,"24,218,800",4.19,2/13/2016,5.39,"437,667,000",5.69,Ethereum
6.58,"23,360,800",5.07,2/12/2016,5.55,"457,618,000",5.95,Ethereum
6.29,"26,408,200",4.34,2/11/2016,6.01,"345,964,000",4.5,Ethereum
4.86,"28,640,400",3.78,2/10/2016,4.44,"307,684,000",4,Ethereum
4.04,"17,954,000",3.17,2/9/2016,4.04,"244,110,000",3.17,Ethereum
3.27,"9,725,690",2.88,2/8/2016,3.18,"228,504,000",2.97,Ethereum
3.06,"7,007,060",2.54,2/7/2016,2.96,"194,884,000",2.54,Ethereum
2.56,"1,921,240",2.47,2/6/2016,2.53,"194,621,000",2.53,Ethereum
2.61,"2,636,700",2.47,2/5/2016,2.54,"197,363,000",2.57,Ethereum
2.63,"3,552,320",2.44,2/4/2016,2.58,"194,126,000",2.53,Ethereum
2.54,"3,987,750",2.34,2/3/2016,2.53,"186,609,000",2.43,Ethereum
2.45,"3,451,270",2.16,2/2/2016,2.44,"169,923,000",2.22,Ethereum
2.32,"3,994,100",2.12,2/1/2016,2.21,"177,881,000",2.32,Ethereum
2.53,"5,847,500",2.19,1/31/2016,2.31,"187,289,000",2.44,Ethereum
2.61,"3,725,080",2.4,1/30/2016,2.45,"192,176,000",2.51,Ethereum
2.61,"6,662,340",2.3,1/29/2016,2.49,"194,815,000",2.54,Ethereum
2.68,"4,903,850",2.34,1/28/2016,2.53,"184,294,000",2.41,Ethereum
2.59,"6,961,080",2.19,1/27/2016,2.39,"172,061,000",2.25,Ethereum
2.84,"13,939,200",1.99,1/26/2016,2.28,"193,838,000",2.53,Ethereum
2.66,"10,739,300",2.06,1/25/2016,2.5,"164,313,000",2.15,Ethereum
2.3,"9,669,770",1.9,1/24/2016,2.14,"145,358,000",1.9,Ethereum
2.03,"7,370,980",1.5,1/23/2016,1.97,"115,002,000",1.5,Ethereum
1.58,"1,567,240",1.47,1/22/2016,1.5,"118,244,000",1.55,Ethereum
1.59,"1,614,960",1.49,1/21/2016,1.55,"117,111,000",1.53,Ethereum
1.62,"2,933,220",1.35,1/20/2016,1.53,"104,124,000",1.36,Ethereum
1.46,"2,446,740",1.31,1/19/2016,1.37,"108,628,000",1.42,Ethereum
1.54,"4,278,930",1.32,1/18/2016,1.43,"101,699,000",1.33,Ethereum
1.33,"1,171,150",1.21,1/17/2016,1.33,"93,207,300",1.22,Ethereum
1.31,"2,462,630",1.17,1/16/2016,1.22,"93,099,400",1.22,Ethereum
1.32,"3,910,550",1.14,1/15/2016,1.21,"90,321,700",1.18,Ethereum
1.19,"751,961",1.1,1/14/2016,1.19,"85,539,300",1.12,Ethereum
1.15,"1,005,910",1.08,1/13/2016,1.13,"86,530,000",1.14,Ethereum
1.28,"2,898,760",1.05,1/12/2016,1.14,"81,217,300",1.07,Ethereum
1.07,"1,011,920",0.999216,1/11/2016,1.06,"76,096,500",0.999216,Ethereum
1,"390,888",0.975099,1/10/2016,0.999231,"75,031,200",0.985557,Ethereum
0.992345,"226,281",0.9736,1/9/2016,0.986833,"75,001,800",0.985501,Ethereum
0.991825,"545,600",0.939715,1/8/2016,0.986789,"71,724,000",0.942752,Ethereum
0.974623,"647,462",0.93583,1/7/2016,0.942005,"72,692,900",0.955801,Ethereum
0.960659,"308,791",0.935708,1/6/2016,0.95086,"72,229,700",0.950028,Ethereum
0.970597,"219,833",0.946543,1/5/2016,0.950176,"72,442,400",0.953147,Ethereum
0.976438,"346,245",0.929835,1/4/2016,0.95448,"73,853,900",0.972045,Ethereum
0.991362,"407,632",0.934313,1/3/2016,0.971905,"71,275,900",0.93843,Ethereum
0.969637,"255,504",0.93656,1/2/2016,0.937124,"71,933,100",0.947401,Ethereum
0.954822,"206,062",0.931442,1/1/2016,0.948024,"70,870,900",0.933712,Ethereum
0.975414,"663,994",0.910277,12/31/2015,0.933542,"69,207,400",0.912098,Ethereum
0.941099,"604,078",0.866647,12/30/2015,0.911958,"66,314,200",0.874258,Ethereum
0.873054,"215,742",0.833232,12/29/2015,0.873054,"63,985,600",0.843835,Ethereum
0.872394,"235,134",0.832932,12/28/2015,0.845005,"64,913,200",0.856356,Ethereum
0.861538,"164,565",0.841151,12/27/2015,0.856365,"64,650,000",0.853166,Ethereum
0.897453,"425,282",0.838314,12/26/2015,0.854603,"65,961,900",0.870766,Ethereum
0.882556,"187,114",0.861993,12/25/2015,0.870363,"65,275,400",0.861993,Ethereum
0.882818,"354,646",0.8476,12/24/2015,0.863262,"65,060,000",0.859433,Ethereum
0.88294,"334,993",0.856065,12/23/2015,0.858077,"65,215,800",0.861782,Ethereum
0.909526,"454,249",0.862059,12/22/2015,0.864202,"67,704,600",0.894973,Ethereum
0.91739,"549,113",0.891182,12/21/2015,0.900771,"68,521,200",0.906065,Ethereum
0.943185,"472,164",0.899441,12/20/2015,0.903885,"68,663,100",0.90824,Ethereum
0.925874,"343,535",0.888916,12/19/2015,0.908072,"69,644,200",0.921524,Ethereum
0.939493,"300,787",0.908081,12/18/2015,0.920127,"70,890,600",0.938327,Ethereum
0.997611,"640,765",0.911807,12/17/2015,0.940701,"74,999,300",0.993043,Ethereum
1.02,"320,767",0.974927,12/16/2015,0.991182,"76,791,600",1.02,Ethereum
1.03,"578,618",0.98224,12/15/2015,1.01,"74,764,100",0.990589,Ethereum
1.01,"563,436",0.950178,12/14/2015,0.993022,"72,176,400",0.95662,Ethereum
0.989394,"273,614",0.937438,12/13/2015,0.952884,"73,276,400",0.971538,Ethereum
1.05,"1,376,280",0.928546,12/12/2015,0.976973,"70,210,000",0.931196,Ethereum
0.929762,"801,072",0.819789,12/11/2015,0.929762,"63,312,400",0.839995,Ethereum
0.86159,"369,589",0.787291,12/10/2015,0.840396,"59,945,000",0.79559,Ethereum
0.824454,"624,221",0.770488,12/9/2015,0.792167,"62,098,400",0.824454,Ethereum
0.823645,"445,903",0.782328,12/8/2015,0.822118,"60,690,400",0.806024,Ethereum
0.850791,"520,409",0.78765,12/7/2015,0.811264,"62,950,900",0.836322,Ethereum
0.882436,"443,608",0.833115,12/6/2015,0.8355,"65,194,900",0.866417,Ethereum
0.872821,"232,743",0.824444,12/5/2015,0.862438,"63,276,000",0.841195,Ethereum
0.859575,"241,278",0.802373,12/4/2015,0.840041,"61,065,700",0.812082,Ethereum
0.837664,"539,969",0.785086,12/3/2015,0.812143,"61,530,500",0.818546,Ethereum
0.878017,"506,307",0.818924,12/2/2015,0.82121,"65,615,700",0.873171,Ethereum
0.886736,"652,857",0.853937,12/1/2015,0.8748,"65,980,000",0.878316,Ethereum
0.895054,"784,439",0.847696,11/30/2015,0.873119,"66,080,400",0.879951,Ethereum
0.914153,"448,358",0.860533,11/29/2015,0.878614,"68,625,100",0.914144,Ethereum
0.929293,"462,464",0.862122,11/28/2015,0.915703,"65,147,000",0.868102,Ethereum
0.900051,"403,813",0.860695,11/27/2015,0.867951,"66,174,600",0.8821,Ethereum
0.903643,"947,473",0.80436,11/26/2015,0.884183,"64,740,900",0.863273,Ethereum
0.899493,"622,991",0.851106,11/25/2015,0.863537,"67,010,200",0.893827,Ethereum
0.948055,"524,195",0.895931,11/24/2015,0.900191,"70,931,100",0.946442,Ethereum
0.969057,"441,875",0.93387,11/23/2015,0.946969,"72,484,200",0.967493,Ethereum
0.984132,"372,173",0.958982,11/22/2015,0.968018,"73,378,800",0.979765,Ethereum
0.978743,"455,976",0.92094,11/21/2015,0.97614,"69,535,300",0.928758,Ethereum
0.955735,"614,335",0.898576,11/20/2015,0.92492,"71,532,500",0.955735,Ethereum
1.01,"443,528",0.937498,11/19/2015,0.955532,"73,976,100",0.988713,Ethereum
1.01,"681,104",0.940516,11/18/2015,0.993319,"74,287,700",0.993214,Ethereum
1.03,"1,145,440",0.905794,11/17/2015,1.01,"69,157,900",0.924948,Ethereum
0.944732,"620,945",0.891971,11/16/2015,0.928962,"67,730,700",0.906166,Ethereum
0.921516,"411,848",0.874957,11/15/2015,0.906368,"66,590,200",0.891217,Ethereum
0.906113,"372,514",0.876908,11/14/2015,0.888812,"67,631,900",0.905469,Ethereum
0.917309,"543,671",0.846023,11/13/2015,0.904096,"67,777,000",0.907722,Ethereum
0.913919,"806,156",0.76351,11/12/2015,0.895711,"59,448,700",0.796455,Ethereum
0.945278,"1,278,580",0.729775,11/11/2015,0.791829,"70,236,200",0.941296,Ethereum
1.05,"854,581",0.920968,11/10/2015,0.934348,"74,685,300",1,Ethereum
1.11,"2,045,290",0.945263,11/9/2015,0.999278,"76,991,800",1.03,Ethereum
1.03,"1,021,460",0.915661,11/8/2015,1.03,"68,254,300",0.915661,Ethereum
0.943787,"890,187",0.863539,11/7/2015,0.927974,"68,833,200",0.923732,Ethereum
0.989848,"913,666",0.852929,11/6/2015,0.926032,"67,397,100",0.904772,Ethereum
0.991259,"1,179,840",0.860382,11/5/2015,0.895637,"67,070,700",0.900699,Ethereum
1.04,"3,060,340",0.725665,11/4/2015,0.89905,"75,232,400",1.01,Ethereum
1.07,"1,907,690",0.936615,11/3/2015,1.01,"74,010,000",0.994568,Ethereum
1.1,"1,145,200",0.953647,11/2/2015,0.989789,"78,701,400",1.06,Ethereum
1.08,"588,913",0.899082,11/1/2015,1.06,"68,477,200",0.920847,Ethereum
1.06,"673,892",0.900171,10/31/2015,0.916627,"77,800,300",1.05,Ethereum
1.35,"2,429,200",0.96816,10/30/2015,1.04,"89,857,400",1.21,Ethereum
1.21,"2,279,240",0.947374,10/29/2015,1.21,"74,675,600",1.01,Ethereum
1.06,"2,373,050",0.807857,10/28/2015,1,"64,676,600",0.870938,Ethereum
0.898172,"1,846,370",0.70889,10/27/2015,0.869641,"52,624,300",0.70889,Ethereum
0.757517,"1,089,120",0.597098,10/26/2015,0.731317,"45,991,300",0.619743,Ethereum
0.688192,"635,384",0.561383,10/25/2015,0.616039,"41,781,300",0.563207,Ethereum
0.577396,"258,356",0.518688,10/24/2015,0.56359,"40,022,100",0.539681,Ethereum
0.611743,"878,822",0.504284,10/23/2015,0.539657,"41,986,400",0.56637,Ethereum
0.619466,"924,822",0.420991,10/22/2015,0.567702,"32,977,300",0.444988,Ethereum
0.482988,"609,085",0.420897,10/21/2015,0.447329,"31,973,600",0.431589,Ethereum
0.501898,"383,921",0.431648,10/20/2015,0.434829,"36,261,200",0.489629,Ethereum
0.521546,"243,742",0.480994,10/19/2015,0.489014,"38,321,300",0.517621,Ethereum
0.552234,"133,690",0.512861,10/18/2015,0.517734,"40,550,400",0.547913,Ethereum
0.56346,"313,860",0.526961,10/17/2015,0.547178,"39,515,900",0.534117,Ethereum
0.568861,"249,891",0.522533,10/16/2015,0.536495,"41,608,900",0.562593,Ethereum
0.572714,"371,022",0.51473,10/15/2015,0.561878,"38,688,300",0.523278,Ethereum
0.61224,"971,664",0.483974,10/14/2015,0.522968,"45,250,600",0.61224,Ethereum
0.63024,"303,044",0.599214,10/13/2015,0.607655,"46,395,200",0.627943,Ethereum
0.657789,"109,567",0.62603,10/12/2015,0.62603,"46,864,200",0.634515,Ethereum
0.639506,"102,128",0.618335,10/11/2015,0.634963,"46,327,500",0.627461,Ethereum
0.649022,"141,555",0.624374,10/10/2015,0.627857,"47,325,200",0.641187,Ethereum
0.692296,"386,420",0.632116,10/9/2015,0.650628,"48,334,900",0.655084,Ethereum
0.633138,"310,266",0.591971,10/8/2015,0.621716,"44,955,900",0.609501,Ethereum
0.656301,"218,327",0.602423,10/7/2015,0.609388,"47,964,700",0.650515,Ethereum
0.653944,"262,674",0.60623,10/6/2015,0.650645,"45,863,300",0.622218,Ethereum
0.674438,"234,263",0.62445,10/5/2015,0.628643,"49,131,600",0.666784,Ethereum
0.693126,"103,497",0.660716,10/4/2015,0.668379,"50,556,000",0.686343,Ethereum
0.709204,"163,326",0.675482,10/3/2015,0.687171,"49,981,900",0.678783,Ethereum
0.69112,"219,318",0.654605,10/2/2015,0.678574,"50,328,700",0.683732,Ethereum
0.734307,"596,084",0.655906,10/1/2015,0.690215,"54,032,300",0.734307,Ethereum
0.746722,"619,926",0.635861,9/30/2015,0.738644,"48,636,600",0.661192,Ethereum
0.67583,"913,992",0.558346,9/29/2015,0.661146,"42,607,700",0.579414,Ethereum
0.725677,"1,320,890",0.557062,9/28/2015,0.582886,"53,201,800",0.723715,Ethereum
0.791277,"413,801",0.719169,9/27/2015,0.720839,"58,149,600",0.791277,Ethereum
0.787544,"369,620",0.709328,9/26/2015,0.785964,"54,188,900",0.73763,Ethereum
0.825665,"903,457",0.712745,9/25/2015,0.736223,"60,221,400",0.820031,Ethereum
0.908571,"842,505",0.79346,9/24/2015,0.81361,"65,836,400",0.896796,Ethereum
0.90891,"200,541",0.885136,9/23/2015,0.893406,"66,309,600",0.90356,Ethereum
0.919337,"487,914",0.865225,9/22/2015,0.901796,"67,444,200",0.919337,Ethereum
0.957326,"424,039",0.878301,9/21/2015,0.919047,"69,045,900",0.941496,Ethereum
0.947741,"508,314",0.873205,9/20/2015,0.938445,"64,600,000",0.881191,Ethereum
0.911883,"386,988",0.833784,9/19/2015,0.882391,"62,262,700",0.849603,Ethereum
0.888102,"484,622",0.833908,9/18/2015,0.853685,"64,071,300",0.874574,Ethereum
0.909204,"897,940",0.831132,9/17/2015,0.874231,"66,415,200",0.906865,Ethereum
0.952698,"615,593",0.901639,9/16/2015,0.907175,"68,963,300",0.941977,Ethereum
1.05,"703,390",0.875189,9/15/2015,0.94441,"64,052,400",0.875189,Ethereum
0.949387,"741,085",0.87176,9/14/2015,0.875622,"68,814,400",0.940566,Ethereum
1.04,"644,138",0.902832,9/13/2015,0.936003,"76,193,600",1.04,Ethereum
1.11,"772,430",0.96978,9/12/2015,1.04,"72,179,000",0.987228,Ethereum
1.17,"1,942,600",0.940675,9/11/2015,0.982978,"85,144,300",1.16,Ethereum
1.22,"662,782",1.14,9/10/2015,1.17,"88,230,500",1.21,Ethereum
1.26,"366,748",1.2,9/9/2015,1.21,"90,518,300",1.24,Ethereum
1.28,"427,892",1.23,9/8/2015,1.24,"91,020,700",1.25,Ethereum
1.31,"489,014",1.24,9/7/2015,1.25,"94,585,300",1.3,Ethereum
1.37,"491,968",1.29,9/6/2015,1.3,"97,625,500",1.34,Ethereum
1.34,"448,453",1.27,9/5/2015,1.34,"93,402,300",1.28,Ethereum
1.3,"474,391",1.24,9/4/2015,1.27,"92,234,100",1.26,Ethereum
1.31,"702,991",1.21,9/3/2015,1.26,"94,418,700",1.3,Ethereum
1.35,"883,769",1.26,9/2/2015,1.29,"98,504,600",1.35,Ethereum
1.39,"778,862",1.34,9/1/2015,1.35,"98,617,200",1.35,Ethereum
1.4,"1,447,180",1.2,8/31/2015,1.36,"96,251,000",1.32,Ethereum
1.37,"1,337,650",1.17,8/30/2015,1.32,"86,145,900",1.18,Ethereum
1.21,"375,377",1.15,8/29/2015,1.18,"86,887,600",1.19,Ethereum
1.21,"721,872",1.12,8/28/2015,1.19,"83,521,700",1.15,Ethereum
1.19,"686,662",1.14,8/27/2015,1.15,"85,106,100",1.17,Ethereum
1.2,"1,056,750",1.06,8/26/2015,1.16,"82,384,400",1.13,Ethereum
1.24,"1,307,180",1.13,8/25/2015,1.14,"89,321,900",1.23,Ethereum
1.36,"924,920",1.23,8/24/2015,1.23,"97,791,600",1.35,Ethereum
1.41,"1,589,300",1.3,8/23/2015,1.35,"99,894,500",1.38,Ethereum
1.48,"948,310",1.35,8/22/2015,1.38,"101,404,000",1.4,Ethereum
1.56,"2,020,970",1.35,8/21/2015,1.4,"107,266,000",1.48,Ethereum
1.53,"2,843,760",1.25,8/20/2015,1.46,"90,809,000",1.25,Ethereum
1.32,"1,486,240",1.17,8/19/2015,1.26,"84,663,900",1.17,Ethereum
1.33,"1,485,680",1.09,8/18/2015,1.09,"88,143,200",1.22,Ethereum
1.58,"1,942,830",1.19,8/17/2015,1.2,"95,819,700",1.58,Ethereum
1.7,"3,550,790",1.09,8/16/2015,1.57,"102,028,000",1.68,Ethereum
1.88,"2,554,360",1.57,8/15/2015,1.69,"109,160,000",1.8,Ethereum
2.26,"4,637,030",1.75,8/14/2015,1.83,"109,594,000",1.81,Ethereum
1.97,"4,068,680",1.17,8/13/2015,1.83,"73,935,400",1.22,Ethereum
1.29,"2,150,620",0.883608,8/12/2015,1.22,"64,018,400",1.06,Ethereum
1.13,"1,463,100",0.663235,8/11/2015,1.07,"42,796,500",0.708087,Ethereum
0.729854,"405,283",0.636546,8/10/2015,0.708448,"43,130,000",0.713989,Ethereum
0.87981,"532,170",0.629191,8/9/2015,0.701897,"42,637,600",0.706136,Ethereum
2.8,"674,188",0.714725,8/8/2015,0.753325,"167,911,000",2.79,Ethereum
3.54,"164,329",2.52,8/7/2015,2.77,0,2.83,Ethereum
